account_uuid,account_number,account_format,bank_id,reporter_bic,date_added,name,adress,social_security_number
7b89296c-6dcb-4c50-8857-7eb1924770d3,GB72SBNP90377420875135,IBAN,IZXVGB23BWP,MRWNGBXX8ZX,2024-08-09,,,
c963cfe0-afae-4a3b-b909-6a04e7d80068,GB38XVZY24159206611257,IBAN,IZXVGB23BWP,MRWNGBXX8ZX,2024-12-17,,,
9c6ab710-4a08-4720-8ede-24428a013fda,DE25849093406621708301,IBAN,QPSBDEB1,MRWNGBXX8ZX,2024-07-28,,,
8623121d-e0bb-437a-9459-4d8b75673fca,GB70OSQB34325470820397,IBAN,IZXVGB23BWP,MRWNGBXX8ZX,2024-06-27,,,
5d357ffe-4423-460d-9b0e-da407f5e8e61,DE46745375185381251553,IBAN,QPSBDEB1,MRWNGBXX8ZX,2024-07-12,,,
277582f0-93f5-4c2c-888e-44f94ecc6c7f,DE30449243775012260306,IBAN,QPSBDEB1,MRWNGBXX8ZX,2024-04-29,,,
b3fb08f3-4b48-438b-9e51-a921e8e6a305,DE29008766528756129033,IBAN,QPSBDEB1,MRWNGBXX8ZX,2024-12-19,,,
7b24b13f-17ba-4194-b6ae-4b1d3423bf15,GB18GWCP99457944745182,IBAN,IZXVGB23BWP,MRWNGBXX8ZX,2024-03-20,,,
f3a3c571-7476-4899-b5a3-adb3254a9493,GB96EOOY26568181174035,IBAN,IZXVGB23BWP,MRWNGBXX8ZX,2024-02-26,,,
cb6e16b3-6356-4e6e-bdae-c44eef2bcaab,GB15MZTH67481868501812,IBAN,IZXVGB23BWP,MRWNGBXX8ZX,2024-12-28,,,
f1ff7a3c-304b-4f17-bf75-a07f83d2f947,GB71QHGU97153345521542,IBAN,IZXVGB23BWP,MRWNGBXX8ZX,2024-07-18,,,
c8d611ab-45f8-48ea-aceb-3add85102adc,GB55QNIZ77053953581835,IBAN,IZXVGB23BWP,MRWNGBXX8ZX,2024-07-20,,,
07bafecf-1852-4c79-9f27-6662c586fbcc,DE43104080308366402393,IBAN,QPSBDEB1,MRWNGBXX8ZX,2024-10-26,,,
6621782c-e52c-4d66-938c-bbb4d2e5081b,GB18KMGH47226145476022,IBAN,IZXVGB23BWP,MRWNGBXX8ZX,2024-11-15,,,
6643fff1-57da-4a62-8118-80da1f5e95f4,GB82DQKM29587836704150,IBAN,IZXVGB23BWP,MRWNGBXX8ZX,2024-02-17,,,
d130c0ae-e8ef-4937-9851-2321c99322a5,GB66ZLSK51354913068497,IBAN,SKKCGBPUQHN,MRWNGBXX8ZX,2024-11-01,,,
02e9a993-aca4-45ca-947b-711724ece660,DE62210941987390210023,IBAN,QPSBDEB1,MRWNGBXX8ZX,2024-02-26,,,
55d70271-c073-4500-ab26-e11b131826a7,GB24CFYK53376121809818,IBAN,FYKLGBNO,MRWNGBXX8ZX,2024-01-29,,,
bc087a02-3415-49ca-a6cd-1c580bad0d02,DE92030294072074773314,IBAN,QPSBDEB1,MRWNGBXX8ZX,2024-01-18,,,
f10cc4f3-ae39-489a-81cf-e9d7627bffe1,GB22MAVX62043021871817,IBAN,AVXMGBKBSOC,MRWNGBXX8ZX,2024-05-29,,,
b86759d1-3ba6-4a4a-839f-64bfbf5c8eed,GB14XYHX37466735372656,IBAN,XHOIGBZ0,MRWNGBXX8ZX,2024-10-17,,,
d34923a2-4d4b-4d7e-a96d-7e83b47a99c9,GB87WFJX80607769849053,IBAN,JXVRGBB1,MRWNGBXX8ZX,2024-09-30,,,
097ac32f-0f04-4b42-9dcc-9e88dd29c0f4,GB06TBBK29850513057489,IBAN,BKETGB7U,MRWNGBXX8ZX,2024-12-01,,,
2838f743-eeda-4f44-a6de-04ac6336e3b2,DE59662810832564678949,IBAN,QPSBDEB1,MRWNGBXX8ZX,2024-05-30,,,
6848f458-f022-4b40-924e-3a1e35ee8983,GB90GCNS97309461491301,IBAN,CNSSGB4N,MRWNGBXX8ZX,2024-03-22,,,
d032df20-5b9c-4c5b-adec-ea18d8cded08,GB61FLCX94092078448465,IBAN,LCXTGBTB,MRWNGBXX8ZX,2024-11-24,,,
bfac159c-a7ec-48f1-b28c-3e914f40fc12,DE24471478580709377396,IBAN,QPSBDEB1,MRWNGBXX8ZX,2024-04-30,,,
e15cc3d0-569b-4f86-b133-030e8aee2619,GB54RKPS02309710186570,IBAN,PSAEGBPC5HD,MRWNGBXX8ZX,2024-07-29,,,
f7ad61ff-583e-47b6-9b3f-9d6f99029742,DE41955075869922165592,IBAN,QPSBDEB1,MRWNGBXX8ZX,2024-08-20,,,
a9ae3bda-3061-445a-9143-1fb18d11fe70,GB40RCGV42498557632942,IBAN,GVIFGBS7,MRWNGBXX8ZX,2024-08-02,,,
16c8dbd8-a11e-47e7-82b3-32fd720e3f2d,GB54OQUC78516418599387,IBAN,QUCOGB8UG0R,MRWNGBXX8ZX,2024-06-22,,,
124287c4-9e03-40ca-aedb-cc41f378533b,GB73TCBM80598593121638,IBAN,BMRAGBV6,MRWNGBXX8ZX,2024-12-28,,,
fcf18a73-184b-4ddd-9338-3dc666662e03,DE65691881942538844287,IBAN,SDQZDE8HRLU,MRWNGBXX8ZX,2024-06-04,,,
2e03d6fe-cd70-4dbf-9ce7-c2c8e3d34512,GB88LZFM55429727733456,IBAN,ZFMVGBUWQL5,MRWNGBXX8ZX,2024-12-11,,,
3e225573-4e78-48c8-bb08-efbeeb795c22,GB58HJHV13282131157289,IBAN,JHVCGBNJ,MRWNGBXX8ZX,2024-12-23,,,
e895edf9-d496-416d-a05f-0edf1fcfa0de,GB11DUYJ98414992907059,IBAN,UYJSGB7R,MRWNGBXX8ZX,2024-02-18,,,
c8311f98-5476-4495-a1f7-5952ec026c56,GB70EKZS68739398479464,IBAN,KZSNGB92,MRWNGBXX8ZX,2024-12-24,,,
f19607ee-16b1-4190-95ec-e23c913feec6,GB33SSCQ89870354983504,IBAN,QRTQGB3A,MRWNGBXX8ZX,2024-08-08,,,
c9807541-40f8-4402-8fd8-c0694ec48b2f,DE24484197766844736203,IBAN,RIZCDE53019,MRWNGBXX8ZX,2024-04-29,,,
4f851924-f4be-4723-af7e-95a025a74d20,GB82EVJA51473322705367,IBAN,VJAVGBVF,MRWNGBXX8ZX,2024-02-27,,,
5d4fb5e2-c807-4d78-ac51-675e06be7099,DE15054611085709285641,IBAN,VZLIDEZG,MRWNGBXX8ZX,2024-01-11,,,
07be4180-233a-45a3-a975-e4de459e7e21,GB19IVEA23754313966231,IBAN,VEAEGBN3UTM,MRWNGBXX8ZX,2024-04-15,,,
cbc9b2ae-152f-42a0-8055-b8271fcf6008,GB98DYCZ44333058939623,IBAN,YCZJGBSO,MRWNGBXX8ZX,2024-02-18,,,
dcfd2e32-f25d-40da-be62-d78518a9cfa9,GB20DPUE60197003799015,IBAN,PUEMGBDH,MRWNGBXX8ZX,2024-02-07,,,
7b46c9ce-c1a9-4388-b911-5be54c589997,GB76JXYP06950698775020,IBAN,XYPXGBBZUA0,MRWNGBXX8ZX,2024-04-25,,,
2e9990a3-5898-497e-b9cc-97c10a90d877,GB63BXLF28716605095513,IBAN,XLFEGB74,MRWNGBXX8ZX,2024-01-17,,,
af81a728-d95c-4a39-9143-a2f96491b626,GB06MSVJ87341331248250,IBAN,SVJQGB3NTFM,MRWNGBXX8ZX,2024-06-01,,,
8b02356f-7937-4ef0-bc8b-075de6bfa196,GB45XPRP81947386568727,IBAN,RPRWGBES5P7,MRWNGBXX8ZX,2024-12-16,,,
86d704d2-f310-4e05-b62b-b111cc1e50f8,DE95789746315910353640,IBAN,QSOIDEYNGVF,MRWNGBXX8ZX,2024-11-05,,,
4919dd56-8d2c-484a-8e6d-4283af4086ce,GB75VZRJ66112528254634,IBAN,YNNDGBEJVL9,MRWNGBXX8ZX,2024-09-22,,,
ee842018-0f76-40e3-837a-aeccfb7d107f,GB34ABMM27663366296155,IBAN,BMMEGB21,MRWNGBXX8ZX,2024-01-06,,,
bf13c14c-1b0e-4c45-942e-64e5e0f23635,GB70KDXZ83971866200884,IBAN,DXZRGBO5F9Z,MRWNGBXX8ZX,2024-12-07,,,
5f15103b-ab27-4449-9f4b-5fe29cf80430,GB96TTVL07597961468068,IBAN,AOKTGB3ZFQY,MRWNGBXX8ZX,2024-08-26,,,
34adc550-78a9-430a-b8d1-7baed6fe0d19,GB96PPGW50316991108318,IBAN,PGWLGBCPG1H,MRWNGBXX8ZX,2024-11-22,,,
79f4d093-0b56-4fbe-a371-7c62c2c007e8,GB98YUBP70965331616327,IBAN,PXOAGBYW,MRWNGBXX8ZX,2024-10-22,,,
54f480aa-03be-4b42-b3da-4d3a1384d59d,GB95CGAK00458933550615,IBAN,GAKBGBAQ,MRWNGBXX8ZX,2024-01-30,,,
f4290dac-4b65-4c04-8446-750d860faf24,GB96QQJC42644334485684,IBAN,CVUJGBJ1STM,MRWNGBXX8ZX,2024-07-22,,,
89e1f787-0c99-40b7-bc32-121d066da298,GB11ABRP66528756129033,IBAN,BRPMGB1W,MRWNGBXX8ZX,2024-01-10,,,
a1e17d9e-5810-42f4-83bc-2c1bf0c8a306,GB60ILUO29166760180655,IBAN,LUOEGBGYZ21,MRWNGBXX8ZX,2024-04-12,,,
f4e14e75-4ea2-44f5-a854-3d8871dfd962,DE16764455359020348942,IBAN,NJJLDEUMXDJ,MRWNGBXX8ZX,2024-06-21,,,
780241c2-81f4-4997-af41-ebac3931bab3,GB86HNQP99173402301635,IBAN,NQPTGBF4,MRWNGBXX8ZX,2024-03-27,,,
ecb0ba84-27a4-464a-b48a-56b7fe793d05,GB46OEQC95342696913366,IBAN,EQCTGBXNQKY,MRWNGBXX8ZX,2024-06-25,,,
2d9a057c-74a2-45d2-aa00-973404a3de5a,GB88AVOF05334766462946,IBAN,VOFBGBXM,MRWNGBXX8ZX,2024-01-08,,,
2b23a752-af02-422e-aa0c-c3ec505c06bc,GB53KVVF67773248275139,IBAN,VVFMGB225NI,MRWNGBXX8ZX,2024-05-01,,,
c17e24d6-a404-42e3-ac1f-a03e0421407a,DE58064122184607898112,IBAN,VUYMDEQF,MRWNGBXX8ZX,2024-01-07,,,
31239918-bcc6-456a-9a5b-e506909fe183,GB27SLXG62664460012068,IBAN,XGNEGBYZQR1,MRWNGBXX8ZX,2024-08-07,,,
968de480-d9ea-4692-bd6f-68fa9ccb62ea,DE80979288556857267989,IBAN,SEZZDE68WWY,MRWNGBXX8ZX,2024-08-25,,,
f965ab67-76a8-43d5-b891-f4b35396a382,GB80KXOF71294099713961,IBAN,XOFPGBEITC5,MRWNGBXX8ZX,2024-05-06,,,
72bcf73b-311b-4dbb-a70f-c50c2a8d077d,GB10FGOW38950981923542,IBAN,GOWGGB7U,MRWNGBXX8ZX,2024-03-05,,,
72a5f5c7-8e5b-493d-af92-df3b616de840,DE09687374805466078826,IBAN,VROWDEN2S8C,MRWNGBXX8ZX,2024-05-27,,,
033fc84a-27ca-402b-b619-7596bf54589c,GB06XEAX37717097964445,IBAN,AXGYGB23,MRWNGBXX8ZX,2024-10-17,,,
49f51ee8-9e1a-41f4-9f4f-31754da2de05,DE88419498722443790151,IBAN,DTJSDE85KKS,MRWNGBXX8ZX,2024-04-27,,,
d791ee29-0b48-43a3-8783-28cb932735e0,DE38904321133428532824,IBAN,JHFCDEGP,MRWNGBXX8ZX,2024-08-11,,,
fe04ed97-2385-4011-ad5b-aa4e53a36b9d,DE59562379101495416660,IBAN,NEHODEHCGTW,MRWNGBXX8ZX,2024-05-06,,,
56700a06-dcb2-41f1-9ab8-da192259222e,GB25EDKD30658877835280,IBAN,DKDGGBAY,MRWNGBXX8ZX,2024-02-22,,,
c6d52d65-e836-4e5f-ad4e-0b626194f80d,GB52MFYO20509836695694,IBAN,FYOYGBICVC7,MRWNGBXX8ZX,2024-05-28,,,
520dd5ce-ce81-4b24-b4cf-8b8533a19c01,DE86352736619118802115,IBAN,WZKWDEL3,MRWNGBXX8ZX,2024-03-19,,,
b9a21217-e06d-4af5-bb62-a5d9a3b81c27,GB36UXJO17892490440451,IBAN,OXCPGB9IQCR,MRWNGBXX8ZX,2024-09-05,,,
976c0dae-f32a-40bf-bf14-bf9aabde6bf2,GB25VPSB77850739308285,IBAN,SBPOGB6UC5N,MRWNGBXX8ZX,2024-09-17,,,
77a10088-92d9-42a3-9efb-4b63b6f28805,GB76WSOB24361374876502,IBAN,BFUIGBN1EO2,MRWNGBXX8ZX,2024-10-04,,,
851a987c-eaa7-4d76-978b-f3233772f70b,DE50358713349013518450,IBAN,KQPDDEMO,MRWNGBXX8ZX,2024-03-25,,,
3bd8407e-c30a-4d1e-b012-89eb1b0fc20e,GB58DWYH44703618464174,IBAN,WYHIGBR2,MRWNGBXX8ZX,2024-02-11,,,
74f50109-68ae-4c54-a946-874f35153715,GB15GNOR77531867410715,IBAN,NOROGB3W,MRWNGBXX8ZX,2024-03-21,,,
d44c00c0-7e7a-4169-b093-b1ead28ec954,GB31POCQ71410549369546,IBAN,OCQUGB2HSFD,MRWNGBXX8ZX,2024-11-15,,,
156afdc0-aaf7-4e7c-a22f-36832363de66,GB04EEVC18589498973928,IBAN,EVCCGB8W,MRWNGBXX8ZX,2024-02-23,,,
09085e9d-71ed-4ee0-b281-6e163ea7f9ec,GB17HOOB54956397376708,IBAN,OOBLGBSU,MRWNGBXX8ZX,2024-04-05,,,
bbf167b3-17a1-48e5-9b35-8c24ff473e5c,DE23114939264901418669,IBAN,CXIVDEMI,MRWNGBXX8ZX,2024-02-11,,,
488a9fba-4f3e-471f-9aa5-874a0c6276a6,DE48044480615597082954,IBAN,JJIXDE7A,MRWNGBXX8ZX,2024-01-19,,,
5fee3352-3a73-49b4-9fc4-1cb3efca05dd,GB45THLY11350273868463,IBAN,LYDVGBFP,MRWNGBXX8ZX,2024-12-29,,,
c7540829-73b5-4c82-9d37-e5ac9fb4881b,DE67997194417282338051,IBAN,YUCTDERTH2I,MRWNGBXX8ZX,2024-08-30,,,
a67b66e1-685f-4f8a-910c-11d79b13038d,GB89TKNU25209836871808,IBAN,NUEKGBLB7PY,MRWNGBXX8ZX,2024-08-23,,,
162197ba-cc38-424b-850c-bc8ef39d302b,GB95QZCP49498734732697,IBAN,PIYSGBR9,MRWNGBXX8ZX,2024-07-20,,,
009c9bf1-44fc-4233-b268-bd955bd5d5bc,DE41540149909019710801,IBAN,IADVDETDDG5,MRWNGBXX8ZX,2024-05-19,,,
cadfe9a6-b181-470d-b233-60783652ea10,GB38GGWZ63705026434770,IBAN,GWZZGB0N,MRWNGBXX8ZX,2024-03-23,,,
e7662d7e-2c73-49ca-8d26-015663655b6f,GB89MRFB48647784591423,IBAN,RFBJGB7YT44,MRWNGBXX8ZX,2024-05-30,,,
1c5b925b-b371-4704-8930-5740d4a6d72d,GB13JWDD82305033645098,IBAN,WDDWGB9IMBU,MRWNGBXX8ZX,2024-11-18,,,
fe341e04-fa8b-4335-8fea-052c6d546313,GB44NJFZ34464510253228,IBAN,JFZGGBRS0SV,MRWNGBXX8ZX,2024-06-14,,,
b9f2f580-0a55-4241-8079-70d8d0185b2d,DE56804444980825479790,IBAN,XIZJDEQR,MRWNGBXX8ZX,2024-11-11,,,
c2a7af9e-ab79-4005-add1-77d2c700d84c,GB82YNVY16517286233573,IBAN,VYDMGBWE3K8,MRWNGBXX8ZX,2024-10-28,,,
d29b8652-db47-479a-9a9e-7f65abc703cc,DE89938166622631885492,IBAN,RCNNDE0K,MRWNGBXX8ZX,2024-09-17,,,
c607ff1c-764f-49b0-864e-b6e91cd9e1d9,GB52DAOY69242945688446,IBAN,AOYMGBLS,MRWNGBXX8ZX,2024-02-13,,,
c4f28612-6cfe-4b7b-8e32-f5cef5380623,DE48069237861723092204,IBAN,NYTFDEM2,MRWNGBXX8ZX,2024-01-22,,,
b5e35291-90e7-4962-ac0a-85ff4e000c37,GB10JFSW35404954929633,IBAN,FSWHGBXRAQU,MRWNGBXX8ZX,2024-04-28,,,
6b33c877-9c46-4a27-a350-df17526fba27,GB33KTNO51026066859611,IBAN,TNOLGBFDK0C,MRWNGBXX8ZX,2024-05-05,,,
080ef99d-0443-4739-b329-8fb53eb19b07,GB56HGAB22192415805286,IBAN,GABUGBIJ,MRWNGBXX8ZX,2024-04-05,,,
7aca15aa-170f-44d5-b85e-3a1158f62daf,GB49LXCP05236138649621,IBAN,XCPAGBVJM1E,MRWNGBXX8ZX,2024-05-14,,,
8e4d0718-cee4-40c2-be16-12d0cbc27c73,DE97784126365551235488,IBAN,ZRICDEIYMYU,MRWNGBXX8ZX,2024-11-05,,,
5ccd01d4-647a-4f5e-a658-868b73f091a7,GB45OEML31917095449178,IBAN,EMLVGBOEF5C,MRWNGBXX8ZX,2024-06-24,,,
e1afd95c-b547-41a5-8697-9999fa697686,GB64AWHZ82062833908960,IBAN,WHZQGBIC,MRWNGBXX8ZX,2024-01-11,,,
9f76a503-a0f6-4830-b494-26a17a0cb0f5,DE53739106496187469719,IBAN,GUTCDEAZS1F,MRWNGBXX8ZX,2024-07-04,,,
71eab109-1f8f-4ed9-b421-371698bbbde0,DE39917002949272733674,IBAN,OAAFDESK,MRWNGBXX8ZX,2024-08-19,,,
90aedb73-baff-4899-9e69-96ce8add1e25,DE34859744665056232381,IBAN,XSPJDETZ1WB,MRWNGBXX8ZX,2024-07-29,,,
27037520-b8c6-451d-9cda-d549f0a99050,DE53528844618423650238,IBAN,XEQQDEST0H7,MRWNGBXX8ZX,2024-05-20,,,
18fbd645-88ee-406e-ab71-40e52342b95f,GB94ENRD30300778430847,IBAN,NRDHGBBP,MRWNGBXX8ZX,2024-02-23,,,
755bc867-3959-4b64-9568-8e2971a43cb3,DE27737679503393367830,IBAN,HOMPDEXANMM,MRWNGBXX8ZX,2024-06-21,,,
3bafb51f-23c3-4f2d-ab1a-4f230bb47836,GB74BFEH61676395766687,IBAN,FEHNGBEY,MRWNGBXX8ZX,2024-01-18,,,
67dafc92-67ed-4518-ad5b-5f3962992cfe,GB38MVMM45781983548888,IBAN,VMMIGBW26H7,MRWNGBXX8ZX,2024-05-29,,,
8b0372e4-8544-4877-8257-5c7d735001f8,DE74788800589473002706,IBAN,QQRBDEDV7R2,MRWNGBXX8ZX,2024-06-23,,,
51c51f1c-9e10-42d7-8ea6-046cf446659d,GB30JTKD13407723993704,IBAN,TKDYGBEMQC5,MRWNGBXX8ZX,2024-04-29,,,
95065784-7a3f-4da3-8081-b21812ce4a55,DE80187900611259599451,IBAN,QPSBDEB1,MRWNGBXX8ZX,2024-01-29,,,
4ed52cf1-a31a-479b-bf54-84d644bbf036,GB23IUJD43475295696943,IBAN,UJDJGBOQ5XK,MRWNGBXX8ZX,2024-04-14,,,
abbfcc6c-f089-4538-8d0f-ac818da8f754,GB49RZVO19469825146961,IBAN,DVTIGB17LUH,MRWNGBXX8ZX,2024-08-02,,,
9552e796-5b00-49c3-b67c-dd9ba5dc1a8c,DE83759880664714971947,IBAN,LSQQDECZ0R4,MRWNGBXX8ZX,2024-09-08,,,
288197ef-a003-4459-a4ce-737525660d46,GB57EMUF45447082190796,IBAN,MUFIGBUT,MRWNGBXX8ZX,2024-02-26,,,
6f29ab30-53ce-4c72-a65d-f8101729ab20,GB85CEKN76122035593704,IBAN,EKNPGB0H,MRWNGBXX8ZX,2024-02-05,,,
6fbb66c3-3b1c-47e8-956a-64cd91ad85b4,GB93SHNA58705821018402,IBAN,NALRGB5D,MRWNGBXX8ZX,2024-08-08,,,
c5b04201-5c28-4e87-bd19-58eee398d5e4,GB62XLYK70659656412677,IBAN,YKOAGB0V0XZ,MRWNGBXX8ZX,2024-12-11,,,
4b1072b9-fec9-4168-9b70-c94bd9ef4072,DE69543649479836869686,IBAN,JHNIDES27MY,MRWNGBXX8ZX,2024-11-26,,,
03595550-646d-4402-887a-37285c550fd9,GB04LJMA90561885824642,IBAN,JMAVGBAXZG8,MRWNGBXX8ZX,2024-05-20,,,
a9fc35af-938c-4ad2-bdae-0518edf80cf4,GB30HSVR40864893728440,IBAN,SVRIGBB8,MRWNGBXX8ZX,2024-12-27,,,
22f2846e-8bd8-4ab8-a730-96df256c41b7,GB19EERE60300680663205,IBAN,EREZGB1B,MRWNGBXX8ZX,2024-02-26,,,
1d1c22f3-299c-4d99-bf09-afee5956384c,GB44LHFD76623483188480,IBAN,HFDPGB10JOR,MRWNGBXX8ZX,2024-05-15,,,
8a2924ce-dae4-44e0-9c4d-1a4a5a308936,GB78LRFI01818548640209,IBAN,RFIAGBG9G7W,MRWNGBXX8ZX,2024-05-16,,,
3aa4d504-0463-41a0-bc01-dc347dd14c92,DE48703823914743035815,IBAN,XAHQDEKOHT4,MRWNGBXX8ZX,2024-07-09,,,
376b38ce-d1f2-4c14-a2e8-ae3ecd012210,DE49373410914455625474,IBAN,OVHIDEED,MRWNGBXX8ZX,2024-11-06,,,
f972d8a7-4261-41d6-9d93-68cea5033ec3,DE71941651720915769824,IBAN,DMWKDEG5IDG,MRWNGBXX8ZX,2024-09-07,,,
782df9a1-957f-43b5-9734-6efda7c94da7,DE48997123642343568453,IBAN,YCFYDEPZQKN,MRWNGBXX8ZX,2024-09-11,,,
d5a6c537-1976-4cde-9bff-3e161646604a,DE76111994371976402938,IBAN,DDSSDEQP,MRWNGBXX8ZX,2024-02-03,,,
e0e2fc41-8dd4-4416-ac2c-0fa52a5d4016,GB06FVRK53996698163890,IBAN,VRKLGBP1,MRWNGBXX8ZX,2024-03-05,,,
62b77196-5a29-4abf-aa20-67744bce48a1,DE21456822342614267113,IBAN,LMZYDE9KKMR,MRWNGBXX8ZX,2024-04-25,,,
de6f2a0a-6b1a-4451-ba52-4491ed1ce354,GB27XNYL08124222739897,IBAN,YLAQGBFJSLK,MRWNGBXX8ZX,2024-12-25,,,
830465bd-a517-44ee-8807-bd50ddd32869,GB77JUQS69278926244687,IBAN,UQSXGB0J39I,MRWNGBXX8ZX,2024-12-02,,,
9e6d8144-c616-45f8-b5c5-26693c043604,GB72HYTW27820842020395,IBAN,YTWEGB39,MRWNGBXX8ZX,2024-04-01,,,
3bb1c397-26d1-4525-abc3-1bd98cb99d42,DE29862387747581399966,IBAN,EHRPDE5T3V8,MRWNGBXX8ZX,2024-08-01,,,
4a7143af-dd8e-4b3c-a20e-7836ad2f0cd9,GB08VMJK59431442195528,IBAN,JKLSGBSNGRT,MRWNGBXX8ZX,2024-09-19,,,
6517d152-fdcb-43f5-a745-c8d5fe21ccac,GB07UMEW32870686300453,IBAN,EWZVGBOL74A,MRWNGBXX8ZX,2024-09-10,,,
aefdfcb4-ea09-438c-b409-a299ff5c0d02,DE43148663067483440027,IBAN,IQNNDEOB,MRWNGBXX8ZX,2024-09-30,,,
1e1fe3e6-fbc1-4e23-ad52-978b8591f8e6,DE04861195112207355904,IBAN,DUDTDEWEEJL,MRWNGBXX8ZX,2024-07-21,,,
6a8737b3-cfbe-47f1-8e75-e2664f71d40b,GB30JBZN51555321521401,IBAN,BZNKGBFUXUO,MRWNGBXX8ZX,2024-04-30,,,
94fc12e9-6325-4ba3-b888-4bbb660366c3,DE66676942781886336676,IBAN,PMSVDETI28H,MRWNGBXX8ZX,2024-06-03,,,
34b9a3d7-3a25-4e23-aaae-28ee69c2851d,DE69633098405069909039,IBAN,HGATDE9SBVD,MRWNGBXX8ZX,2024-06-09,,,
44937e54-4512-4cda-b759-be3509341a4d,GB20BOII15205657477776,IBAN,OIIDGBVL,MRWNGBXX8ZX,2024-01-14,,,
9ef9b582-80e8-4854-9c85-ee8e08ba809c,DE89058912110433930625,IBAN,LQTCDEIE,MRWNGBXX8ZX,2024-01-14,,,
bba02a2c-a1c1-4ca3-9354-015e9b6ed7dd,GB64TCUX04553604014977,IBAN,UXBJGBWV,MRWNGBXX8ZX,2024-08-23,,,
f66f07fb-759c-464e-b89c-7542efe67b75,GB92XOVE30693558345927,IBAN,VEVGGBB1MUW,MRWNGBXX8ZX,2024-12-29,,,
b36f136b-8e59-4752-8eec-ba3213f95789,DE77108350808249065606,IBAN,BRWHDEWA,MRWNGBXX8ZX,2024-01-31,,,
633b86d5-00dd-434f-a1b9-03e3cc4f34a0,GB86ZEAM55087466659525,IBAN,AMLLGBB6,MRWNGBXX8ZX,2024-11-05,,,
ef31acd3-b72a-4697-accc-e43e0bf9e812,GB87BWYL64091563763851,IBAN,WYLMGBQA,MRWNGBXX8ZX,2024-01-19,,,
23ad52e2-89b4-4edd-9a4b-5a1603a445f4,GB30ALRE68663109744503,IBAN,LREXGBZ9,MRWNGBXX8ZX,2024-01-06,,,
675e466f-a2ce-4c51-b522-1d914af7a6a8,GB15JUME58070259947447,IBAN,UMEKGB8D3BL,MRWNGBXX8ZX,2024-04-23,,,
19f27d2d-3b34-409a-95b4-d54be87e485c,GB11CHDX75959110156452,IBAN,HDXPGBWU,MRWNGBXX8ZX,2024-12-18,,,
c9a9ba7a-424d-47fd-b435-d7b30cd3243c,GB38BIZQ59298649722883,IBAN,IZQWGBVJ,MRWNGBXX8ZX,2024-01-20,,,
8081ac85-5520-4646-82bd-804bcb048a98,DE61858897804272535190,IBAN,QQYWDE56ATI,MRWNGBXX8ZX,2024-11-03,,,
60da25b1-590c-483d-8ffc-ff597adfd36c,GB60PBLM58240355140458,IBAN,BLMLGB6JTBP,MRWNGBXX8ZX,2024-07-05,,,
1dbdf2e8-3c74-435a-9f6a-8d2fc30f2075,DE45131927068394978751,IBAN,HDUSDEJ4,MRWNGBXX8ZX,2024-10-22,,,
ce843bfd-6a1c-46d9-9cf0-eceec9b648f8,DE40668620347699008010,IBAN,ZNRMDEJBMT4,MRWNGBXX8ZX,2024-11-02,,,
8c9fa150-4f43-465b-bbcb-1df74b8a3a15,GB49JHJR51598035147034,IBAN,HJRLGBEW7BN,MRWNGBXX8ZX,2024-04-24,,,
eda2a0d4-72cc-44d7-8094-dd6c1185a56d,GB35CQOT90798733266133,IBAN,QOTSGBA5,MRWNGBXX8ZX,2024-01-27,,,
62fb65db-7815-42df-a71d-80d16eaf572a,DE66627620268625276941,IBAN,EPMVDEIBJZ7,MRWNGBXX8ZX,2024-06-16,,,
631b7ea8-df89-4691-b227-f384fb1daeb3,GB68MTBY82868287142449,IBAN,TBYVGB6I908,MRWNGBXX8ZX,2024-12-05,,,
f5e5e6d8-96cf-4f32-b755-c0164dd604e9,GB67JOST58724514501403,IBAN,OSTKGB92IRW,MRWNGBXX8ZX,2024-04-28,,,
2ed4c57b-5030-4714-9b7b-580d300b7512,DE08352861182535103147,IBAN,KFQZDEZG,MRWNGBXX8ZX,2024-03-13,,,
e02413e5-a1bf-4da3-bcce-fbe6b8bde8f4,DE80320908841812329658,IBAN,UWFBDED6,MRWNGBXX8ZX,2024-10-07,,,
45a114cf-08ae-4f05-8d87-40985e9da2c4,GB41LJBI83836073206852,IBAN,JBIRGBN6NZB,MRWNGBXX8ZX,2024-05-23,,,
c17ebd94-88a6-4dce-9faa-cb8a81d2d815,GB52QRYF07382617664273,IBAN,APHRGBI1,MRWNGBXX8ZX,2024-07-15,,,
9cb2cf37-973a-4d79-acc1-3c27570b57da,GB47KNST26823507573728,IBAN,NSTFGB19KNV,MRWNGBXX8ZX,2024-05-12,,,
bc6d27e5-5121-4f2f-8083-773a8454da90,GB50QAKX76629281449269,IBAN,KXONGBYL,MRWNGBXX8ZX,2024-07-19,,,
ea7c8cdb-e737-4652-9975-46692aeace05,GB50FSZW44186817175952,IBAN,SZWJGBRG,MRWNGBXX8ZX,2024-03-06,,,
2ff0c117-0cd2-4cf6-9960-f82d5ccaa161,GB48LTBF55947326086307,IBAN,TBFKGBWS2OI,MRWNGBXX8ZX,2024-05-20,,,
00ac3f5d-a5c5-4545-b468-315813e32659,DE50102232558497083378,IBAN,WUAEDEJP,MRWNGBXX8ZX,2024-01-31,,,
f6a2d2dd-b4c6-475e-b93d-dc8c2654b156,GB66EHWN53663255799983,IBAN,HWNWGBXM,MRWNGBXX8ZX,2024-02-28,,,
7fc16df7-fe11-41d0-995a-88249eb7812f,DE68976654651089713843,IBAN,MNUKDEQ0UHC,MRWNGBXX8ZX,2024-08-28,,,
0c6b3dd4-e7a4-4498-b778-b390cea2e316,GB22ZOBN93198883650790,IBAN,BNUSGBNF776,MRWNGBXX8ZX,2024-11-09,,,
e1fb5b1d-c052-4fcf-a15c-87c4b89bc01c,DE65803858998053045906,IBAN,GQLWDE99,MRWNGBXX8ZX,2024-10-07,,,
581be69d-ccf4-4899-9e73-d19ad379e51e,GB07TZLR86707461182405,IBAN,RQMWGB3A2R1,MRWNGBXX8ZX,2024-11-16,,,
45b1f143-3b41-4076-9fb5-c43b547bbb2b,GB95KDHI37911285008275,IBAN,DHIGGB2FFK6,MRWNGBXX8ZX,2024-05-08,,,
04f691ca-9235-4867-83ca-cb26c7d163d2,GB18YYSA82256873178854,IBAN,WXREGBLW,MRWNGBXX8ZX,2024-10-30,,,
86989824-fb88-461f-ad5d-c170614eeb11,DE76682534176273120886,IBAN,QFKHDEQG21L,MRWNGBXX8ZX,2024-05-27,,,
ad5a6644-21b5-4dfa-9e00-1c570b51e70c,GB20BLEV33178791594670,IBAN,LEVGGBNG,MRWNGBXX8ZX,2024-01-18,,,
7e098fe0-e8e2-4bb0-b5f4-e5900ff68d04,GB50BPXW33803890424963,IBAN,PXWUGBON,MRWNGBXX8ZX,2024-01-25,,,
f385b76e-e2b1-49e8-a140-b9d17e3f62de,GB27PHKJ58836120069396,IBAN,HKJLGB67MYH,MRWNGBXX8ZX,2024-07-10,,,
3c9cde57-e4b8-4f8d-a9c9-6d08c6092011,GB72YHMG09616846604596,IBAN,MGUAGB0H,MRWNGBXX8ZX,2024-10-27,,,
30ca9a52-4b3c-4294-8dcf-6f2fb9d5e01b,GB97XZJG14660990898548,IBAN,GCJNGBYBA88,MRWNGBXX8ZX,2024-10-08,,,
31a6e07b-d24b-4e9f-9b87-62423eef058d,GB03HTGB46985517042027,IBAN,TGBJGB17,MRWNGBXX8ZX,2024-04-05,,,
a0a5a872-6165-4939-b711-37d045a0b5a8,GB63IWMU55767986653939,IBAN,WMUKGBV3Z57,MRWNGBXX8ZX,2024-04-15,,,
59a81f12-34ed-4a1f-a542-ba4d23be2193,GB31EUGL13801819287546,IBAN,UGLDGBP6,MRWNGBXX8ZX,2024-02-24,,,
80f7e9ab-610e-4a78-96e5-45a90272c83b,DE55068612681880484109,IBAN,MQUNDEEI,MRWNGBXX8ZX,2024-01-04,,,
cfacbf39-15ac-4c77-9706-629f03497d98,GB97AKCZ20028109397817,IBAN,KCZEGBCB,MRWNGBXX8ZX,2024-01-05,,,
c4bf11bf-f279-4235-8cb3-023072ce1456,GB11OBYP42926328955860,IBAN,BYPYGBQLIZM,MRWNGBXX8ZX,2024-06-23,,,
